colony_number,block,treatment,triad,experiment_census_day,wax_moth,worker_number,campus_location,rearing_location,number_of_workers_at_exposure_start,time_to_egg_laying,time_to_6_workers,time_to_exposure_start,queen_capture_day
51,1,sivanto,1,0,N,20,M,porkka,20,18,33,52,10
7,1,sivanto,2,0,N,19,WA,porkka,19,11,42,61,1
34,1,control,1,0,N,28,M,porkka,28,10,38,53,9
17,1,flup,2,0,N,15,WA,porkka,15,11,49,61,1
117,1,flup,3,0,N,14,BA,porkka,14,7,28,40,22
8,1,control,2,0,N,17,WA,porkka,17,11,49,61,1
185,1,control,3,0,N,8,BA,porkka,8,9,27,35,27
57,1,flup,1,0,N,22,M,porkka,22,13,42,47,15
12,1,sivanto,3,0,N,11,BA,porkka,11,11,56,61,1
171,1,sivanto,4,0,N,6,BG,porkka,6,9,30,35,27
177,1,flup,4,0,N,6,BG,porkka,6,9,34,35,27
116,1,control,4,0,N,7,BG,porkka,7,7,39,40,22
96,2,control,5,0,N,10,BG,porkka,10,8,41,44,20
76,2,sivanto,5,0,N,19,BG,porkka,19,9,42,45,19
46,2,flup,5,0,N,10,BG,porkka,10,18,51,54,10
104,2,sivanto,6,0,N,8,M,porkka,8,9,41,44,20
87,2,control,6,0,N,8,M,porkka,8,8,41,44,20
33,2,control,7,0,N,7,WA,porkka,7,10,52,55,9
170,2,flup,7,0,N,7,WA,porkka,7,9,34,37,27
119,2,flup,8,0,N,5,BA,porkka,5,14,39,42,22
124,2,flup,6,0,N,10,M,porkka,10,7,39,42,22
131,2,control,8,0,N,6,BA,porkka,6,7,39,42,22
127,2,sivanto,7,0,N,7,WA,porkka,7,14,39,42,22
143,2,sivanto,8,0,N,7,BA,porkka,7,7,39,42,22
51,1,sivanto,1,7,N,30,M,porkka,20,18,33,52,10
7,1,sivanto,2,7,N,28,WA,porkka,19,11,42,61,1
34,1,control,1,7,N,39,M,porkka,28,10,38,53,9
17,1,flup,2,7,N,13,WA,porkka,15,11,49,61,1
117,1,flup,3,7,N,31,BA,porkka,14,7,28,40,22
8,1,control,2,7,N,23,WA,porkka,17,11,49,61,1
185,1,control,3,7,N,30,BA,porkka,8,9,27,35,27
57,1,flup,1,7,N,31,M,porkka,22,13,42,47,15
12,1,sivanto,3,7,N,21,BA,porkka,11,11,56,61,1
171,1,sivanto,4,7,N,14,BG,porkka,6,9,30,35,27
177,1,flup,4,7,N,17,BG,porkka,6,9,34,35,27
116,1,control,4,7,N,26,BG,porkka,7,7,39,40,22
198,3,flup,12,0,N,6,WA,porkka,6,11,39,40,30
83,3,sivanto,11,0,N,7,M,porkka,7,28,50,51,19
159,3,sivanto,10,0,N,9,BG,porkka,9,9,42,43,27
77,3,flup,11,0,N,6,M,porkka,6,24,50,51,19
105,3,control,9,0,N,10,BA,porkka,10,9,49,50,20
181,3,flup,9,0,N,14,BA,porkka,14,9,42,43,27
72,3,control,12,0,N,5,WA,porkka,5,17,50,51,19
197,3,sivanto,9,0,N,11,BA,porkka,11,6,32,40,30
174,3,sivanto,12,0,N,6,WA,porkka,6,9,42,43,27
203,3,control,11,0,N,7,M,porkka,7,24,39,40,30
123,3,flup,10,0,N,9,BG,porkka,9,7,47,48,22
4,3,control,10,0,N,10,BG,porkka,10,11,68,69,1
96,2,control,5,7,N,25,BG,porkka,10,8,41,44,20
76,2,sivanto,5,7,N,35,BG,porkka,19,9,42,45,19
46,2,flup,5,7,N,15,BG,porkka,10,18,51,54,10
104,2,sivanto,6,7,N,18,M,porkka,8,9,41,44,20
87,2,control,6,7,N,29,M,porkka,8,8,41,44,20
33,2,control,7,7,N,13,WA,porkka,7,10,52,55,9
170,2,flup,7,7,N,16,WA,porkka,7,9,34,37,27
119,2,flup,8,7,N,12,BA,porkka,5,14,39,42,22
124,2,flup,6,7,N,17,M,porkka,10,7,39,42,22
131,2,control,8,7,N,15,BA,porkka,6,7,39,42,22
127,2,sivanto,7,7,N,8,WA,porkka,7,14,39,42,22
143,2,sivanto,8,7,N,16,BA,porkka,7,7,39,42,22
51,1,sivanto,1,14,N,53,M,porkka,20,18,33,52,10
7,1,sivanto,2,14,N,47,WA,porkka,19,11,42,61,1
34,1,control,1,14,N,78,M,porkka,28,10,38,53,9
17,1,flup,2,14,N,15,WA,porkka,15,11,49,61,1
117,1,flup,3,14,N,57,BA,porkka,14,7,28,40,22
8,1,control,2,14,N,46,WA,porkka,17,11,49,61,1
185,1,control,3,14,N,45,BA,porkka,8,9,27,35,27
57,1,flup,1,14,N,44,M,porkka,22,13,42,47,15
12,1,sivanto,3,14,N,38,BA,porkka,11,11,56,61,1
171,1,sivanto,4,14,N,34,BG,porkka,6,9,30,35,27
177,1,flup,4,14,N,28,BG,porkka,6,9,34,35,27
116,1,control,4,14,N,35,BG,porkka,7,7,39,40,22
198,3,flup,12,7,N,6,WA,porkka,6,11,39,40,30
83,3,sivanto,11,7,N,17,M,porkka,7,28,50,51,19
159,3,sivanto,10,7,N,23,BG,porkka,9,9,42,43,27
77,3,flup,11,7,N,13,M,porkka,6,24,50,51,19
105,3,control,9,7,N,19,BA,porkka,10,9,49,50,20
181,3,flup,9,7,N,22,BA,porkka,14,9,42,43,27
72,3,control,12,7,N,5,WA,porkka,5,17,50,51,19
197,3,sivanto,9,7,N,19,BA,porkka,11,6,32,40,30
174,3,sivanto,12,7,N,13,WA,porkka,6,9,42,43,27
203,3,control,11,7,N,7,M,porkka,7,24,39,40,30
123,3,flup,10,7,N,11,BG,porkka,9,7,47,48,22
4,3,control,10,7,N,23,BG,porkka,10,11,68,69,1
96,2,control,5,14,N,20,BG,porkka,10,8,41,44,20
76,2,sivanto,5,14,N,64,BG,porkka,19,9,42,45,19
46,2,flup,5,14,N,22,BG,porkka,10,18,51,54,10
104,2,sivanto,6,14,N,30,M,porkka,8,9,41,44,20
87,2,control,6,14,N,38,M,porkka,8,8,41,44,20
33,2,control,7,14,N,21,WA,porkka,7,10,52,55,9
170,2,flup,7,14,N,27,WA,porkka,7,9,34,37,27
119,2,flup,8,14,N,20,BA,porkka,5,14,39,42,22
124,2,flup,6,14,N,37,M,porkka,10,7,39,42,22
131,2,control,8,14,N,24,BA,porkka,6,7,39,42,22
127,2,sivanto,7,14,N,16,WA,porkka,7,14,39,42,22
143,2,sivanto,8,14,N,27,BA,porkka,7,7,39,42,22
42,4,sivanto,13,0,N,14,WA,porkka,14,23,67,69,10
39,4,control,13,0,N,20,WA,porkka,20,27,68,70,9
79,4,control,15,0,N,10,BG,porkka,10,17,58,60,19
84,4,sivanto,15,0,N,7,BG,porkka,7,17,58,60,19
134,4,flup,13,0,N,15,WA,porkka,15,7,55,57,22
163,4,sivanto,14,0,N,10,BA,porkka,10,9,50,52,27
176,4,sivanto,16,0,N,5,M,porkka,5,9,50,52,27
194,4,flup,14,0,N,16,BA,porkka,16,11,47,49,30
214,4,control,16,0,N,8,M,porkka,8,24,47,49,30
248,4,control,14,0,N,8,BA,bee_room,8,20,42,44,35
237,4,flup,15,0,N,9,BG,bee_room,9,20,42,44,35
229,4,flup,16,0,N,8,M,bee_room,8,20,42,44,35
75,5,control,20,0,N,8,BG,porkka,8,17,58,60,19
118,5,control,18,0,N,13,WA,porkka,13,7,55,57,22
135,5,sivanto,19,0,N,9,BA,porkka,9,25,55,57,22
140,5,flup,18,0,N,16,WA,porkka,16,7,55,57,22
191,5,flup,17,0,N,16,M,porkka,16,9,50,52,27
216,5,control,17,0,N,23,M,porkka,23,6,47,49,30
250,5,sivanto,20,0,N,9,BG,bee_room,9,20,42,44,35
314,5,sivanto,17,0,N,23,M,bee_room,23,6,40,42,37
315,5,flup,20,0,N,7,BG,bee_room,7,11,40,42,37
264,5,sivanto,18,0,N,15,WA,bee_room,15,12,41,43,36
277,5,control,19,0,N,11,BA,bee_room,11,18,40,42,37
300,5,flup,19,0,N,11,BA,bee_room,11,11,40,42,37
51,1,sivanto,1,21,N,64,M,porkka,20,18,33,52,10
7,1,sivanto,2,21,N,53,WA,porkka,19,11,42,61,1
34,1,control,1,21,N,84,M,porkka,28,10,38,53,9
17,1,flup,2,21,N,16,WA,porkka,15,11,49,61,1
117,1,flup,3,21,N,88,BA,porkka,14,7,28,40,22
8,1,control,2,21,N,80,WA,porkka,17,11,49,61,1
185,1,control,3,21,N,86,BA,porkka,8,9,27,35,27
57,1,flup,1,21,N,n/a,M,porkka,22,13,42,47,15
12,1,sivanto,3,21,N,48,BA,porkka,11,11,56,61,1
171,1,sivanto,4,21,N,60,BG,porkka,6,9,30,35,27
177,1,flup,4,21,N,50,BG,porkka,6,9,34,35,27
116,1,control,4,21,N,48,BG,porkka,7,7,39,40,22
198,3,flup,12,14,N,30,WA,porkka,6,11,39,40,30
83,3,sivanto,11,14,N,23,M,porkka,7,28,50,51,19
159,3,sivanto,10,14,N,30,BG,porkka,9,9,42,43,27
77,3,flup,11,14,N,37,M,porkka,6,24,50,51,19
105,3,control,9,14,N,31,BA,porkka,10,9,49,50,20
181,3,flup,9,14,N,33,BA,porkka,14,9,42,43,27
72,3,control,12,14,N,11,WA,porkka,5,17,50,51,19
197,3,sivanto,9,14,N,41,BA,porkka,11,6,32,40,30
174,3,sivanto,12,14,N,18,WA,porkka,6,9,42,43,27
203,3,control,11,14,N,29,M,porkka,7,24,39,40,30
123,3,flup,10,14,N,18,BG,porkka,9,7,47,48,22
4,3,control,10,14,N,31,BG,porkka,10,11,68,69,1
96,2,control,5,21,N,33,BG,porkka,10,8,41,44,20
76,2,sivanto,5,21,N,66,BG,porkka,19,9,42,45,19
46,2,flup,5,21,N,36,BG,porkka,10,18,51,54,10
104,2,sivanto,6,21,N,51,M,porkka,8,9,41,44,20
87,2,control,6,21,N,42,M,porkka,8,8,41,44,20
33,2,control,7,21,N,34,WA,porkka,7,10,52,55,9
170,2,flup,7,21,N,49,WA,porkka,7,9,34,37,27
119,2,flup,8,21,N,34,BA,porkka,5,14,39,42,22
124,2,flup,6,21,N,72,M,porkka,10,7,39,42,22
131,2,control,8,21,N,43,BA,porkka,6,7,39,42,22
127,2,sivanto,7,21,N,18,WA,porkka,7,14,39,42,22
143,2,sivanto,8,21,N,23,BA,porkka,7,7,39,42,22
42,4,sivanto,13,7,N,22,WA,porkka,14,23,67,69,10
39,4,control,13,7,N,31,WA,porkka,20,27,68,70,9
79,4,control,15,7,N,25,BG,porkka,10,17,58,60,19
84,4,sivanto,15,7,N,13,BG,porkka,7,17,58,60,19
134,4,flup,13,7,N,18,WA,porkka,15,7,55,57,22
163,4,sivanto,14,7,N,19,BA,porkka,10,9,50,52,27
176,4,sivanto,16,7,N,14,M,porkka,5,9,50,52,27
194,4,flup,14,7,N,20,BA,porkka,16,11,47,49,30
214,4,control,16,7,N,13,M,porkka,8,24,47,49,30
248,4,control,14,7,N,25,BA,bee_room,8,20,42,44,35
237,4,flup,15,7,N,18,BG,bee_room,9,20,42,44,35
229,4,flup,16,7,N,8,M,bee_room,8,20,42,44,35
75,5,control,20,7,N,9,BG,porkka,8,17,58,60,19
118,5,control,18,7,N,25,WA,porkka,13,7,55,57,22
135,5,sivanto,19,7,N,15,BA,porkka,9,25,55,57,22
140,5,flup,18,7,N,21,WA,porkka,16,7,55,57,22
191,5,flup,17,7,N,32,M,porkka,16,9,50,52,27
216,5,control,17,7,N,24,M,porkka,23,6,47,49,30
250,5,sivanto,20,7,N,17,BG,bee_room,9,20,42,44,35
314,5,sivanto,17,7,N,27,M,bee_room,23,6,40,42,37
315,5,flup,20,7,N,18,BG,bee_room,7,11,40,42,37
264,5,sivanto,18,7,N,18,WA,bee_room,15,12,41,43,36
277,5,control,19,7,N,30,BA,bee_room,11,18,40,42,37
300,5,flup,19,7,N,26,BA,bee_room,11,11,40,42,37
51,1,sivanto,1,28,N,79,M,porkka,20,18,33,52,10
7,1,sivanto,2,28,N,71,WA,porkka,19,11,42,61,1
34,1,control,1,28,N,81,M,porkka,28,10,38,53,9
17,1,flup,2,28,N,11,WA,porkka,15,11,49,61,1
117,1,flup,3,28,N,65,BA,porkka,14,7,28,40,22
8,1,control,2,28,N,86,WA,porkka,17,11,49,61,1
185,1,control,3,28,N,95,BA,porkka,8,9,27,35,27
57,1,flup,1,28,n/a,n/a,M,porkka,22,13,42,47,15
12,1,sivanto,3,28,N,53,BA,porkka,11,11,56,61,1
171,1,sivanto,4,28,N,65,BG,porkka,6,9,30,35,27
177,1,flup,4,28,N,73,BG,porkka,6,9,34,35,27
116,1,control,4,28,N,40,BG,porkka,7,7,39,40,22
198,3,flup,12,21,N,35,WA,porkka,6,11,39,40,30
83,3,sivanto,11,21,N,36,M,porkka,7,28,50,51,19
159,3,sivanto,10,21,N,66,BG,porkka,9,9,42,43,27
77,3,flup,11,21,N,67,M,porkka,6,24,50,51,19
105,3,control,9,21,N,39,BA,porkka,10,9,49,50,20
181,3,flup,9,21,N,75,BA,porkka,14,9,42,43,27
72,3,control,12,21,N,10,WA,porkka,5,17,50,51,19
197,3,sivanto,9,21,N,82,BA,porkka,11,6,32,40,30
174,3,sivanto,12,21,N,25,WA,porkka,6,9,42,43,27
203,3,control,11,21,N,43,M,porkka,7,24,39,40,30
123,3,flup,10,21,N,22,BG,porkka,9,7,47,48,22
4,3,control,10,21,N,26,BG,porkka,10,11,68,69,1
96,2,control,5,28,N,26,BG,porkka,10,8,41,44,20
76,2,sivanto,5,28,N,84,BG,porkka,19,9,42,45,19
46,2,flup,5,28,N,56,BG,porkka,10,18,51,54,10
104,2,sivanto,6,28,N,80,M,porkka,8,9,41,44,20
87,2,control,6,28,N,45,M,porkka,8,8,41,44,20
33,2,control,7,28,N,49,WA,porkka,7,10,52,55,9
170,2,flup,7,28,N,72,WA,porkka,7,9,34,37,27
119,2,flup,8,28,N,34,BA,porkka,5,14,39,42,22
124,2,flup,6,28,N,102,M,porkka,10,7,39,42,22
131,2,control,8,28,N,63,BA,porkka,6,7,39,42,22
127,2,sivanto,7,28,N,28,WA,porkka,7,14,39,42,22
143,2,sivanto,8,28,N,24,BA,porkka,7,7,39,42,22
42,4,sivanto,13,14,N,19,WA,porkka,14,23,67,69,10
39,4,control,13,14,N,34,WA,porkka,20,27,68,70,9
79,4,control,15,14,N,35,BG,porkka,10,17,58,60,19
84,4,sivanto,15,14,N,28,BG,porkka,7,17,58,60,19
134,4,flup,13,14,N,52,WA,porkka,15,7,55,57,22
163,4,sivanto,14,14,N,22,BA,porkka,10,9,50,52,27
176,4,sivanto,16,14,N,19,M,porkka,5,9,50,52,27
194,4,flup,14,14,N,34,BA,porkka,16,11,47,49,30
214,4,control,16,14,N,26,M,porkka,8,24,47,49,30
248,4,control,14,14,N,40,BA,bee_room,8,20,42,44,35
237,4,flup,15,14,N,51,BG,bee_room,9,20,42,44,35
229,4,flup,16,14,N,38,M,bee_room,8,20,42,44,35
75,5,control,20,14,N,17,BG,porkka,8,17,58,60,19
118,5,control,18,14,N,52,WA,porkka,13,7,55,57,22
135,5,sivanto,19,14,N,28,BA,porkka,9,25,55,57,22
140,5,flup,18,14,N,58,WA,porkka,16,7,55,57,22
191,5,flup,17,14,N,57,M,porkka,16,9,50,52,27
216,5,control,17,14,N,64,M,porkka,23,6,47,49,30
250,5,sivanto,20,14,N,28,BG,bee_room,9,20,42,44,35
314,5,sivanto,17,14,N,75,M,bee_room,23,6,40,42,37
315,5,flup,20,14,N,44,BG,bee_room,7,11,40,42,37
264,5,sivanto,18,14,N,48,WA,bee_room,15,12,41,43,36
277,5,control,19,14,N,59,BA,bee_room,11,18,40,42,37
300,5,flup,19,14,N,44,BA,bee_room,11,11,40,42,37
51,1,sivanto,1,35,N,60,M,porkka,20,18,33,52,10
7,1,sivanto,2,35,N,82,WA,porkka,19,11,42,61,1
34,1,control,1,35,N,74,M,porkka,28,10,38,53,9
17,1,flup,2,35,N,10,WA,porkka,15,11,49,61,1
117,1,flup,3,35,N,32,BA,porkka,14,7,28,40,22
8,1,control,2,35,N,113,WA,porkka,17,11,49,61,1
185,1,control,3,35,N,74,BA,porkka,8,9,27,35,27
57,1,flup,1,35,n/a,n/a,M,porkka,22,13,42,47,15
12,1,sivanto,3,35,N,48,BA,porkka,11,11,56,61,1
171,1,sivanto,4,35,N,47,BG,porkka,6,9,30,35,27
177,1,flup,4,35,N,77,BG,porkka,6,9,34,35,27
116,1,control,4,35,N,41,BG,porkka,7,7,39,40,22
198,3,flup,12,28,N,65,WA,porkka,6,11,39,40,30
83,3,sivanto,11,28,N,76,M,porkka,7,28,50,51,19
159,3,sivanto,10,28,N,89,BG,porkka,9,9,42,43,27
77,3,flup,11,28,N,79,M,porkka,6,24,50,51,19
105,3,control,9,28,N,89,BA,porkka,10,9,49,50,20
181,3,flup,9,28,N,73,BA,porkka,14,9,42,43,27
72,3,control,12,28,N,12,WA,porkka,5,17,50,51,19
197,3,sivanto,9,28,N,109,BA,porkka,11,6,32,40,30
174,3,sivanto,12,28,N,29,WA,porkka,6,9,42,43,27
203,3,control,11,28,N,78,M,porkka,7,24,39,40,30
123,3,flup,10,28,N,30,BG,porkka,9,7,47,48,22
4,3,control,10,28,N,22,BG,porkka,10,11,68,69,1
96,2,control,5,35,N,18,BG,porkka,10,8,41,44,20
76,2,sivanto,5,35,N,73,BG,porkka,19,9,42,45,19
46,2,flup,5,35,N,60,BG,porkka,10,18,51,54,10
104,2,sivanto,6,35,N,64,M,porkka,8,9,41,44,20
87,2,control,6,35,N,28,M,porkka,8,8,41,44,20
33,2,control,7,35,N,41,WA,porkka,7,10,52,55,9
170,2,flup,7,35,N,57,WA,porkka,7,9,34,37,27
119,2,flup,8,35,N,47,BA,porkka,5,14,39,42,22
124,2,flup,6,35,N,121,M,porkka,10,7,39,42,22
131,2,control,8,35,N,73,BA,porkka,6,7,39,42,22
127,2,sivanto,7,35,N,32,WA,porkka,7,14,39,42,22
143,2,sivanto,8,35,N,9,BA,porkka,7,7,39,42,22
42,4,sivanto,13,21,N,20,WA,porkka,14,23,67,69,10
39,4,control,13,21,N,69,WA,porkka,20,27,68,70,9
79,4,control,15,21,N,19,BG,porkka,10,17,58,60,19
84,4,sivanto,15,21,N,46,BG,porkka,7,17,58,60,19
134,4,flup,13,21,N,70,WA,porkka,15,7,55,57,22
163,4,sivanto,14,21,N,20,BA,porkka,10,9,50,52,27
176,4,sivanto,16,21,N,25,M,porkka,5,9,50,52,27
194,4,flup,14,21,N,62,BA,porkka,16,11,47,49,30
214,4,control,16,21,N,33,M,porkka,8,24,47,49,30
248,4,control,14,21,N,89,BA,bee_room,8,20,42,44,35
237,4,flup,15,21,N,97,BG,bee_room,9,20,42,44,35
229,4,flup,16,21,N,47,M,bee_room,8,20,42,44,35
75,5,control,20,21,N,15,BG,porkka,8,17,58,60,19
118,5,control,18,21,N,96,WA,porkka,13,7,55,57,22
135,5,sivanto,19,21,N,62,BA,porkka,9,25,55,57,22
140,5,flup,18,21,N,92,WA,porkka,16,7,55,57,22
191,5,flup,17,21,N,85,M,porkka,16,9,50,52,27
216,5,control,17,21,N,94,M,porkka,23,6,47,49,30
250,5,sivanto,20,21,N,58,BG,bee_room,9,20,42,44,35
314,5,sivanto,17,21,N,91,M,bee_room,23,6,40,42,37
315,5,flup,20,21,N,99,BG,bee_room,7,11,40,42,37
264,5,sivanto,18,21,N,43,WA,bee_room,15,12,41,43,36
277,5,control,19,21,N,115,BA,bee_room,11,18,40,42,37
300,5,flup,19,21,N,68,BA,bee_room,11,11,40,42,37
51,1,sivanto,1,42,N,28,M,porkka,20,18,33,52,10
7,1,sivanto,2,42,N,71,WA,porkka,19,11,42,61,1
34,1,control,1,42,N,51,M,porkka,28,10,38,53,9
17,1,flup,2,42,N,0,WA,porkka,15,11,49,61,1
117,1,flup,3,42,N,15,BA,porkka,14,7,28,40,22
8,1,control,2,42,N,85,WA,porkka,17,11,49,61,1
185,1,control,3,42,N,35,BA,porkka,8,9,27,35,27
57,1,flup,1,42,n/a,n/a,M,porkka,22,13,42,47,15
12,1,sivanto,3,42,N,29,BA,porkka,11,11,56,61,1
171,1,sivanto,4,42,N,35,BG,porkka,6,9,30,35,27
177,1,flup,4,42,N,65,BG,porkka,6,9,34,35,27
116,1,control,4,42,N,26,BG,porkka,7,7,39,40,22
198,3,flup,12,35,N,50,WA,porkka,6,11,39,40,30
83,3,sivanto,11,35,N,106,M,porkka,7,28,50,51,19
159,3,sivanto,10,35,N,78,BG,porkka,9,9,42,43,27
77,3,flup,11,35,N,59,M,porkka,6,24,50,51,19
105,3,control,9,35,N,85,BA,porkka,10,9,49,50,20
181,3,flup,9,35,N,48,BA,porkka,14,9,42,43,27
72,3,control,12,35,N,12,WA,porkka,5,17,50,51,19
197,3,sivanto,9,35,N,135,BA,porkka,11,6,32,40,30
174,3,sivanto,12,35,N,27,WA,porkka,6,9,42,43,27
203,3,control,11,35,N,80,M,porkka,7,24,39,40,30
123,3,flup,10,35,N,22,BG,porkka,9,7,47,48,22
4,3,control,10,35,N,0,BG,porkka,10,11,68,69,1
96,2,control,5,42,N,7,BG,porkka,10,8,41,44,20
76,2,sivanto,5,42,N,37,BG,porkka,19,9,42,45,19
46,2,flup,5,42,N,49,BG,porkka,10,18,51,54,10
104,2,sivanto,6,42,N,50,M,porkka,8,9,41,44,20
87,2,control,6,42,N,16,M,porkka,8,8,41,44,20
33,2,control,7,42,N,23,WA,porkka,7,10,52,55,9
170,2,flup,7,42,N,32,WA,porkka,7,9,34,37,27
119,2,flup,8,42,N,39,BA,porkka,5,14,39,42,22
124,2,flup,6,42,N,80,M,porkka,10,7,39,42,22
131,2,control,8,42,N,48,BA,porkka,6,7,39,42,22
127,2,sivanto,7,42,N,36,WA,porkka,7,14,39,42,22
143,2,sivanto,8,42,N,1,BA,porkka,7,7,39,42,22
42,4,sivanto,13,28,N,12,WA,porkka,14,23,67,69,10
39,4,control,13,28,N,54,WA,porkka,20,27,68,70,9
79,4,control,15,28,N,14,BG,porkka,10,17,58,60,19
84,4,sivanto,15,28,N,27,BG,porkka,7,17,58,60,19
134,4,flup,13,28,N,97,WA,porkka,15,7,55,57,22
163,4,sivanto,14,28,N,10,BA,porkka,10,9,50,52,27
176,4,sivanto,16,28,N,23,M,porkka,5,9,50,52,27
194,4,flup,14,28,N,42,BA,porkka,16,11,47,49,30
214,4,control,16,28,N,30,M,porkka,8,24,47,49,30
248,4,control,14,28,N,63,BA,bee_room,8,20,42,44,35
237,4,flup,15,28,N,83,BG,bee_room,9,20,42,44,35
229,4,flup,16,28,N,46,M,bee_room,8,20,42,44,35
75,5,control,20,28,N,11,BG,porkka,8,17,58,60,19
118,5,control,18,28,N,64,WA,porkka,13,7,55,57,22
135,5,sivanto,19,28,N,41,BA,porkka,9,25,55,57,22
140,5,flup,18,28,N,69,WA,porkka,16,7,55,57,22
191,5,flup,17,28,N,87,M,porkka,16,9,50,52,27
216,5,control,17,28,N,100,M,porkka,23,6,47,49,30
250,5,sivanto,20,28,N,59,BG,bee_room,9,20,42,44,35
314,5,sivanto,17,28,N,111,M,bee_room,23,6,40,42,37
315,5,flup,20,28,N,58,BG,bee_room,7,11,40,42,37
264,5,sivanto,18,28,N,20,WA,bee_room,15,12,41,43,36
277,5,control,19,28,N,72,BA,bee_room,11,18,40,42,37
300,5,flup,19,28,N,54,BA,bee_room,11,11,40,42,37
51,1,sivanto,1,49,N,14,M,porkka,20,18,33,52,10
7,1,sivanto,2,49,N,45,WA,porkka,19,11,42,61,1
34,1,control,1,49,N,20,M,porkka,28,10,38,53,9
17,1,flup,2,49,N,0,WA,porkka,15,11,49,61,1
117,1,flup,3,49,N,12,BA,porkka,14,7,28,40,22
8,1,control,2,49,N,51,WA,porkka,17,11,49,61,1
185,1,control,3,49,N,15,BA,porkka,8,9,27,35,27
57,1,flup,1,49,n/a,n/a,M,porkka,22,13,42,47,15
12,1,sivanto,3,49,N,16,BA,porkka,11,11,56,61,1
171,1,sivanto,4,49,N,16,BG,porkka,6,9,30,35,27
177,1,flup,4,49,N,33,BG,porkka,6,9,34,35,27
116,1,control,4,49,N,19,BG,porkka,7,7,39,40,22
198,3,flup,12,42,N,45,WA,porkka,6,11,39,40,30
83,3,sivanto,11,42,N,57,M,porkka,7,28,50,51,19
159,3,sivanto,10,42,N,48,BG,porkka,9,9,42,43,27
77,3,flup,11,42,N,30,M,porkka,6,24,50,51,19
105,3,control,9,42,N,64,BA,porkka,10,9,49,50,20
181,3,flup,9,42,N,23,BA,porkka,14,9,42,43,27
72,3,control,12,42,N,11,WA,porkka,5,17,50,51,19
197,3,sivanto,9,42,N,74,BA,porkka,11,6,32,40,30
174,3,sivanto,12,42,N,28,WA,porkka,6,9,42,43,27
203,3,control,11,42,N,68,M,porkka,7,24,39,40,30
123,3,flup,10,42,N,16,BG,porkka,9,7,47,48,22
4,3,control,10,42,N,0,BG,porkka,10,11,68,69,1
96,2,control,5,49,N,1,BG,porkka,10,8,41,44,20
76,2,sivanto,5,49,N,23,BG,porkka,19,9,42,45,19
46,2,flup,5,49,N,33,BG,porkka,10,18,51,54,10
104,2,sivanto,6,49,N,26,M,porkka,8,9,41,44,20
87,2,control,6,49,N,2,M,porkka,8,8,41,44,20
33,2,control,7,49,N,13,WA,porkka,7,10,52,55,9
170,2,flup,7,49,N,17,WA,porkka,7,9,34,37,27
119,2,flup,8,49,N,27,BA,porkka,5,14,39,42,22
124,2,flup,6,49,N,43,M,porkka,10,7,39,42,22
131,2,control,8,49,N,35,BA,porkka,6,7,39,42,22
127,2,sivanto,7,49,N,22,WA,porkka,7,14,39,42,22
143,2,sivanto,8,49,N,0,BA,porkka,7,7,39,42,22
42,4,sivanto,13,35,N,7,WA,porkka,14,23,67,69,10
39,4,control,13,35,N,46,WA,porkka,20,27,68,70,9
79,4,control,15,35,N,9,BG,porkka,10,17,58,60,19
84,4,sivanto,15,35,N,12,BG,porkka,7,17,58,60,19
134,4,flup,13,35,N,74,WA,porkka,15,7,55,57,22
163,4,sivanto,14,35,N,6,BA,porkka,10,9,50,52,27
176,4,sivanto,16,35,N,28,M,porkka,5,9,50,52,27
194,4,flup,14,35,N,33,BA,porkka,16,11,47,49,30
214,4,control,16,35,N,19,M,porkka,8,24,47,49,30
248,4,control,14,35,N,79,BA,bee_room,8,20,42,44,35
237,4,flup,15,35,N,55,BG,bee_room,9,20,42,44,35
229,4,flup,16,35,N,31,M,bee_room,8,20,42,44,35
75,5,control,20,35,N,7,BG,porkka,8,17,58,60,19
118,5,control,18,35,N,43,WA,porkka,13,7,55,57,22
135,5,sivanto,19,35,N,35,BA,porkka,9,25,55,57,22
140,5,flup,18,35,N,51,WA,porkka,16,7,55,57,22
191,5,flup,17,35,N,64,M,porkka,16,9,50,52,27
216,5,control,17,35,N,78,M,porkka,23,6,47,49,30
250,5,sivanto,20,35,N,37,BG,bee_room,9,20,42,44,35
314,5,sivanto,17,35,N,100,M,bee_room,23,6,40,42,37
315,5,flup,20,35,N,52,BG,bee_room,7,11,40,42,37
264,5,sivanto,18,35,N,16,WA,bee_room,15,12,41,43,36
277,5,control,19,35,N,45,BA,bee_room,11,18,40,42,37
300,5,flup,19,35,N,24,BA,bee_room,11,11,40,42,37
51,1,sivanto,1,56,N,6,M,porkka,20,18,33,52,10
7,1,sivanto,2,56,N,24,WA,porkka,19,11,42,61,1
34,1,control,1,56,N,7,M,porkka,28,10,38,53,9
17,1,flup,2,56,N,0,WA,porkka,15,11,49,61,1
117,1,flup,3,56,N,0,BA,porkka,14,7,28,40,22
8,1,control,2,56,N,36,WA,porkka,17,11,49,61,1
185,1,control,3,56,N,7,BA,porkka,8,9,27,35,27
57,1,flup,1,56,n/a,n/a,M,porkka,22,13,42,47,15
12,1,sivanto,3,56,N,9,BA,porkka,11,11,56,61,1
171,1,sivanto,4,56,N,9,BG,porkka,6,9,30,35,27
177,1,flup,4,56,N,18,BG,porkka,6,9,34,35,27
116,1,control,4,56,N,9,BG,porkka,7,7,39,40,22
198,3,flup,12,49,N,68,WA,porkka,6,11,39,40,30
83,3,sivanto,11,49,N,28,M,porkka,7,28,50,51,19
159,3,sivanto,10,49,N,31,BG,porkka,9,9,42,43,27
77,3,flup,11,49,N,8,M,porkka,6,24,50,51,19
105,3,control,9,49,N,38,BA,porkka,10,9,49,50,20
181,3,flup,9,49,N,12,BA,porkka,14,9,42,43,27
72,3,control,12,49,N,7,WA,porkka,5,17,50,51,19
197,3,sivanto,9,49,N,47,BA,porkka,11,6,32,40,30
174,3,sivanto,12,49,N,11,WA,porkka,6,9,42,43,27
203,3,control,11,49,N,49,M,porkka,7,24,39,40,30
123,3,flup,10,49,N,10,BG,porkka,9,7,47,48,22
4,3,control,10,49,N,0,BG,porkka,10,11,68,69,1
96,2,control,5,56,N,0,BG,porkka,10,8,41,44,20
76,2,sivanto,5,56,N,10,BG,porkka,19,9,42,45,19
46,2,flup,5,56,N,21,BG,porkka,10,18,51,54,10
104,2,sivanto,6,56,N,13,M,porkka,8,9,41,44,20
87,2,control,6,56,N,0,M,porkka,8,8,41,44,20
33,2,control,7,56,N,10,WA,porkka,7,10,52,55,9
170,2,flup,7,56,N,7,WA,porkka,7,9,34,37,27
119,2,flup,8,56,N,21,BA,porkka,5,14,39,42,22
124,2,flup,6,56,N,30,M,porkka,10,7,39,42,22
131,2,control,8,56,N,26,BA,porkka,6,7,39,42,22
127,2,sivanto,7,56,N,18,WA,porkka,7,14,39,42,22
143,2,sivanto,8,56,N,0,BA,porkka,7,7,39,42,22
42,4,sivanto,13,42,N,3,WA,porkka,14,23,67,69,10
39,4,control,13,42,N,29,WA,porkka,20,27,68,70,9
79,4,control,15,42,N,1,BG,porkka,10,17,58,60,19
84,4,sivanto,15,42,N,0,BG,porkka,7,17,58,60,19
134,4,flup,13,42,N,55,WA,porkka,15,7,55,57,22
163,4,sivanto,14,42,N,3,BA,porkka,10,9,50,52,27
176,4,sivanto,16,42,N,29,M,porkka,5,9,50,52,27
194,4,flup,14,42,N,19,BA,porkka,16,11,47,49,30
214,4,control,16,42,N,32,M,porkka,8,24,47,49,30
248,4,control,14,42,N,46,BA,bee_room,8,20,42,44,35
237,4,flup,15,42,N,30,BG,bee_room,9,20,42,44,35
229,4,flup,16,42,N,15,M,bee_room,8,20,42,44,35
75,5,control,20,42,N,4,BG,porkka,8,17,58,60,19
118,5,control,18,42,N,35,WA,porkka,13,7,55,57,22
135,5,sivanto,19,42,N,33,BA,porkka,9,25,55,57,22
140,5,flup,18,42,N,45,WA,porkka,16,7,55,57,22
191,5,flup,17,42,N,39,M,porkka,16,9,50,52,27
216,5,control,17,42,N,57,M,porkka,23,6,47,49,30
250,5,sivanto,20,42,N,29,BG,bee_room,9,20,42,44,35
314,5,sivanto,17,42,N,66,M,bee_room,23,6,40,42,37
315,5,flup,20,42,N,50,BG,bee_room,7,11,40,42,37
264,5,sivanto,18,42,N,4,WA,bee_room,15,12,41,43,36
277,5,control,19,42,N,34,BA,bee_room,11,18,40,42,37
300,5,flup,19,42,N,21,BA,bee_room,11,11,40,42,37
51,1,sivanto,1,63,N,0,M,porkka,20,18,33,52,10
7,1,sivanto,2,63,N,17,WA,porkka,19,11,42,61,1
34,1,control,1,63,N,0,M,porkka,28,10,38,53,9
17,1,flup,2,63,N,0,WA,porkka,15,11,49,61,1
117,1,flup,3,63,N,0,BA,porkka,14,7,28,40,22
8,1,control,2,63,N,24,WA,porkka,17,11,49,61,1
185,1,control,3,63,N,4,BA,porkka,8,9,27,35,27
57,1,flup,1,63,n/a,n/a,M,porkka,22,13,42,47,15
12,1,sivanto,3,63,N,0,BA,porkka,11,11,56,61,1
171,1,sivanto,4,63,N,7,BG,porkka,6,9,30,35,27
177,1,flup,4,63,N,12,BG,porkka,6,9,34,35,27
116,1,control,4,63,N,1,BG,porkka,7,7,39,40,22
198,3,flup,12,56,N,60,WA,porkka,6,11,39,40,30
83,3,sivanto,11,56,N,20,M,porkka,7,28,50,51,19
159,3,sivanto,10,56,N,23,BG,porkka,9,9,42,43,27
77,3,flup,11,56,N,3,M,porkka,6,24,50,51,19
105,3,control,9,56,N,33,BA,porkka,10,9,49,50,20
181,3,flup,9,56,N,3,BA,porkka,14,9,42,43,27
72,3,control,12,56,N,2,WA,porkka,5,17,50,51,19
197,3,sivanto,9,56,Y,60,BA,porkka,11,6,32,40,30
174,3,sivanto,12,56,N,12,WA,porkka,6,9,42,43,27
203,3,control,11,56,N,43,M,porkka,7,24,39,40,30
123,3,flup,10,56,N,2,BG,porkka,9,7,47,48,22
4,3,control,10,56,N,0,BG,porkka,10,11,68,69,1
96,2,control,5,63,N,0,BG,porkka,10,8,41,44,20
76,2,sivanto,5,63,N,4,BG,porkka,19,9,42,45,19
46,2,flup,5,63,N,13,BG,porkka,10,18,51,54,10
104,2,sivanto,6,63,N,9,M,porkka,8,9,41,44,20
87,2,control,6,63,N,0,M,porkka,8,8,41,44,20
33,2,control,7,63,N,4,WA,porkka,7,10,52,55,9
170,2,flup,7,63,N,1,WA,porkka,7,9,34,37,27
119,2,flup,8,63,N,18,BA,porkka,5,14,39,42,22
124,2,flup,6,63,N,19,M,porkka,10,7,39,42,22
131,2,control,8,63,N,21,BA,porkka,6,7,39,42,22
127,2,sivanto,7,63,N,14,WA,porkka,7,14,39,42,22
143,2,sivanto,8,63,N,0,BA,porkka,7,7,39,42,22
42,4,sivanto,13,49,N,0,WA,porkka,14,23,67,69,10
39,4,control,13,49,Y,17,WA,porkka,20,27,68,70,9
79,4,control,15,49,N,0,BG,porkka,10,17,58,60,19
84,4,sivanto,15,49,N,0,BG,porkka,7,17,58,60,19
134,4,flup,13,49,N,43,WA,porkka,15,7,55,57,22
163,4,sivanto,14,49,N,1,BA,porkka,10,9,50,52,27
176,4,sivanto,16,49,N,32,M,porkka,5,9,50,52,27
194,4,flup,14,49,Y,10,BA,porkka,16,11,47,49,30
214,4,control,16,49,N,42,M,porkka,8,24,47,49,30
248,4,control,14,49,N,36,BA,bee_room,8,20,42,44,35
237,4,flup,15,49,N,25,BG,bee_room,9,20,42,44,35
229,4,flup,16,49,N,17,M,bee_room,8,20,42,44,35
75,5,control,20,49,N,1,BG,porkka,8,17,58,60,19
118,5,control,18,49,N,29,WA,porkka,13,7,55,57,22
135,5,sivanto,19,49,Y,23,BA,porkka,9,25,55,57,22
140,5,flup,18,49,N,32,WA,porkka,16,7,55,57,22
191,5,flup,17,49,Y,42,M,porkka,16,9,50,52,27
216,5,control,17,49,Y,49,M,porkka,23,6,47,49,30
250,5,sivanto,20,49,N,20,BG,bee_room,9,20,42,44,35
314,5,sivanto,17,49,N,39,M,bee_room,23,6,40,42,37
315,5,flup,20,49,Y,33,BG,bee_room,7,11,40,42,37
264,5,sivanto,18,49,N,2,WA,bee_room,15,12,41,43,36
277,5,control,19,49,N,24,BA,bee_room,11,18,40,42,37
300,5,flup,19,49,Y,14,BA,bee_room,11,11,40,42,37
51,1,sivanto,1,70,N,0,M,porkka,20,18,33,52,10
7,1,sivanto,2,70,N,14,WA,porkka,19,11,42,61,1
34,1,control,1,70,N,0,M,porkka,28,10,38,53,9
17,1,flup,2,70,N,0,WA,porkka,15,11,49,61,1
117,1,flup,3,70,N,0,BA,porkka,14,7,28,40,22
8,1,control,2,70,N,14,WA,porkka,17,11,49,61,1
185,1,control,3,70,N,4,BA,porkka,8,9,27,35,27
57,1,flup,1,70,n/a,n/a,M,porkka,22,13,42,47,15
12,1,sivanto,3,70,N,0,BA,porkka,11,11,56,61,1
171,1,sivanto,4,70,N,5,BG,porkka,6,9,30,35,27
177,1,flup,4,70,N,9,BG,porkka,6,9,34,35,27
116,1,control,4,70,N,0,BG,porkka,7,7,39,40,22
198,3,flup,12,63,N,61,WA,porkka,6,11,39,40,30
83,3,sivanto,11,63,N,10,M,porkka,7,28,50,51,19
159,3,sivanto,10,63,N,19,BG,porkka,9,9,42,43,27
77,3,flup,11,63,N,0,M,porkka,6,24,50,51,19
105,3,control,9,63,N,23,BA,porkka,10,9,49,50,20
181,3,flup,9,63,N,0,BA,porkka,14,9,42,43,27
72,3,control,12,63,N,0,WA,porkka,5,17,50,51,19
197,3,sivanto,9,63,Y,40,BA,porkka,11,6,32,40,30
174,3,sivanto,12,63,N,7,WA,porkka,6,9,42,43,27
203,3,control,11,63,N,27,M,porkka,7,24,39,40,30
123,3,flup,10,63,N,0,BG,porkka,9,7,47,48,22
4,3,control,10,63,N,0,BG,porkka,10,11,68,69,1
96,2,control,5,70,N,0,BG,porkka,10,8,41,44,20
76,2,sivanto,5,70,N,2,BG,porkka,19,9,42,45,19
46,2,flup,5,70,N,9,BG,porkka,10,18,51,54,10
104,2,sivanto,6,70,N,6,M,porkka,8,9,41,44,20
87,2,control,6,70,N,0,M,porkka,8,8,41,44,20
33,2,control,7,70,N,2,WA,porkka,7,10,52,55,9
170,2,flup,7,70,N,0,WA,porkka,7,9,34,37,27
119,2,flup,8,70,N,18,BA,porkka,5,14,39,42,22
124,2,flup,6,70,N,16,M,porkka,10,7,39,42,22
131,2,control,8,70,N,8,BA,porkka,6,7,39,42,22
127,2,sivanto,7,70,Y,11,WA,porkka,7,14,39,42,22
143,2,sivanto,8,70,N,0,BA,porkka,7,7,39,42,22
42,4,sivanto,13,56,N,0,WA,porkka,14,23,67,69,10
39,4,control,13,56,Y,11,WA,porkka,20,27,68,70,9
79,4,control,15,56,N,0,BG,porkka,10,17,58,60,19
84,4,sivanto,15,56,N,0,BG,porkka,7,17,58,60,19
134,4,flup,13,56,N,40,WA,porkka,15,7,55,57,22
163,4,sivanto,14,56,N,1,BA,porkka,10,9,50,52,27
176,4,sivanto,16,56,N,42,M,porkka,5,9,50,52,27
194,4,flup,14,56,Y,4,BA,porkka,16,11,47,49,30
214,4,control,16,56,N,32,M,porkka,8,24,47,49,30
248,4,control,14,56,N,24,BA,bee_room,8,20,42,44,35
237,4,flup,15,56,N,18,BG,bee_room,9,20,42,44,35
229,4,flup,16,56,Y,9,M,bee_room,8,20,42,44,35
75,5,control,20,56,N,0,BG,porkka,8,17,58,60,19
118,5,control,18,56,N,17,WA,porkka,13,7,55,57,22
135,5,sivanto,19,56,Y,7,BA,porkka,9,25,55,57,22
140,5,flup,18,56,N,24,WA,porkka,16,7,55,57,22
191,5,flup,17,56,Y,32,M,porkka,16,9,50,52,27
216,5,control,17,56,Y,40,M,porkka,23,6,47,49,30
250,5,sivanto,20,56,N,9,BG,bee_room,9,20,42,44,35
314,5,sivanto,17,56,N,30,M,bee_room,23,6,40,42,37
315,5,flup,20,56,Y,28,BG,bee_room,7,11,40,42,37
264,5,sivanto,18,56,N,1,WA,bee_room,15,12,41,43,36
277,5,control,19,56,N,12,BA,bee_room,11,18,40,42,37
300,5,flup,19,56,Y,1,BA,bee_room,11,11,40,42,37
51,1,sivanto,1,77,N,0,M,porkka,20,18,33,52,10
7,1,sivanto,2,77,N,8,WA,porkka,19,11,42,61,1
34,1,control,1,77,N,0,M,porkka,28,10,38,53,9
17,1,flup,2,77,N,0,WA,porkka,15,11,49,61,1
117,1,flup,3,77,N,0,BA,porkka,14,7,28,40,22
8,1,control,2,77,N,0,WA,porkka,17,11,49,61,1
185,1,control,3,77,N,1,BA,porkka,8,9,27,35,27
57,1,flup,1,77,n/a,n/a,M,porkka,22,13,42,47,15
12,1,sivanto,3,77,N,0,BA,porkka,11,11,56,61,1
171,1,sivanto,4,77,N,1,BG,porkka,6,9,30,35,27
177,1,flup,4,77,N,0,BG,porkka,6,9,34,35,27
116,1,control,4,77,N,0,BG,porkka,7,7,39,40,22
198,3,flup,12,70,N,53,WA,porkka,6,11,39,40,30
83,3,sivanto,11,70,N,6,M,porkka,7,28,50,51,19
159,3,sivanto,10,70,N,10,BG,porkka,9,9,42,43,27
77,3,flup,11,70,N,0,M,porkka,6,24,50,51,19
105,3,control,9,70,N,21,BA,porkka,10,9,49,50,20
181,3,flup,9,70,N,0,BA,porkka,14,9,42,43,27
72,3,control,12,70,N,0,WA,porkka,5,17,50,51,19
197,3,sivanto,9,70,Y,40,BA,porkka,11,6,32,40,30
174,3,sivanto,12,70,N,4,WA,porkka,6,9,42,43,27
203,3,control,11,70,N,20,M,porkka,7,24,39,40,30
123,3,flup,10,70,N,0,BG,porkka,9,7,47,48,22
4,3,control,10,70,N,0,BG,porkka,10,11,68,69,1
96,2,control,5,77,N,0,BG,porkka,10,8,41,44,20
76,2,sivanto,5,77,N,0,BG,porkka,19,9,42,45,19
46,2,flup,5,77,N,2,BG,porkka,10,18,51,54,10
104,2,sivanto,6,77,N,3,M,porkka,8,9,41,44,20
87,2,control,6,77,N,0,M,porkka,8,8,41,44,20
33,2,control,7,77,N,0,WA,porkka,7,10,52,55,9
170,2,flup,7,77,N,0,WA,porkka,7,9,34,37,27
119,2,flup,8,77,N,14,BA,porkka,5,14,39,42,22
124,2,flup,6,77,N,12,M,porkka,10,7,39,42,22
131,2,control,8,77,N,5,BA,porkka,6,7,39,42,22
127,2,sivanto,7,77,Y,7,WA,porkka,7,14,39,42,22
143,2,sivanto,8,77,N,0,BA,porkka,7,7,39,42,22
42,4,sivanto,13,63,N,0,WA,porkka,14,23,67,69,10
39,4,control,13,63,Y,0,WA,porkka,20,27,68,70,9
79,4,control,15,63,N,0,BG,porkka,10,17,58,60,19
84,4,sivanto,15,63,N,0,BG,porkka,7,17,58,60,19
134,4,flup,13,63,N,26,WA,porkka,15,7,55,57,22
163,4,sivanto,14,63,N,0,BA,porkka,10,9,50,52,27
176,4,sivanto,16,63,N,39,M,porkka,5,9,50,52,27
194,4,flup,14,63,Y,4,BA,porkka,16,11,47,49,30
214,4,control,16,63,N,22,M,porkka,8,24,47,49,30
248,4,control,14,63,N,13,BA,bee_room,8,20,42,44,35
237,4,flup,15,63,N,12,BG,bee_room,9,20,42,44,35
229,4,flup,16,63,N,0,M,bee_room,8,20,42,44,35
75,5,control,20,63,N,0,BG,porkka,8,17,58,60,19
118,5,control,18,63,N,7,WA,porkka,13,7,55,57,22
135,5,sivanto,19,63,Y,4,BA,porkka,9,25,55,57,22
140,5,flup,18,63,N,16,WA,porkka,16,7,55,57,22
191,5,flup,17,63,Y,15,M,porkka,16,9,50,52,27
216,5,control,17,63,Y,16,M,porkka,23,6,47,49,30
250,5,sivanto,20,63,N,2,BG,bee_room,9,20,42,44,35
314,5,sivanto,17,63,N,7,M,bee_room,23,6,40,42,37
315,5,flup,20,63,Y,13,BG,bee_room,7,11,40,42,37
264,5,sivanto,18,63,N,0,WA,bee_room,15,12,41,43,36
277,5,control,19,63,N,4,BA,bee_room,11,18,40,42,37
300,5,flup,19,63,N,0,BA,bee_room,11,11,40,42,37
51,1,sivanto,1,84,N,0,M,porkka,20,18,33,52,10
7,1,sivanto,2,84,N,4,WA,porkka,19,11,42,61,1
34,1,control,1,84,N,0,M,porkka,28,10,38,53,9
17,1,flup,2,84,N,0,WA,porkka,15,11,49,61,1
117,1,flup,3,84,N,0,BA,porkka,14,7,28,40,22
8,1,control,2,84,N,0,WA,porkka,17,11,49,61,1
185,1,control,3,84,N,0,BA,porkka,8,9,27,35,27
57,1,flup,1,84,n/a,n/a,M,porkka,22,13,42,47,15
12,1,sivanto,3,84,N,0,BA,porkka,11,11,56,61,1
171,1,sivanto,4,84,N,0,BG,porkka,6,9,30,35,27
177,1,flup,4,84,N,0,BG,porkka,6,9,34,35,27
116,1,control,4,84,N,0,BG,porkka,7,7,39,40,22
198,3,flup,12,77,N,45,WA,porkka,6,11,39,40,30
83,3,sivanto,11,77,N,0,M,porkka,7,28,50,51,19
159,3,sivanto,10,77,N,3,BG,porkka,9,9,42,43,27
77,3,flup,11,77,N,0,M,porkka,6,24,50,51,19
105,3,control,9,77,N,6,BA,porkka,10,9,49,50,20
181,3,flup,9,77,N,0,BA,porkka,14,9,42,43,27
72,3,control,12,77,N,0,WA,porkka,5,17,50,51,19
197,3,sivanto,9,77,Y,16,BA,porkka,11,6,32,40,30
174,3,sivanto,12,77,N,0,WA,porkka,6,9,42,43,27
203,3,control,11,77,N,19,M,porkka,7,24,39,40,30
123,3,flup,10,77,N,0,BG,porkka,9,7,47,48,22
4,3,control,10,77,N,0,BG,porkka,10,11,68,69,1
96,2,control,5,84,N,0,BG,porkka,10,8,41,44,20
76,2,sivanto,5,84,N,0,BG,porkka,19,9,42,45,19
46,2,flup,5,84,N,0,BG,porkka,10,18,51,54,10
104,2,sivanto,6,84,N,0,M,porkka,8,9,41,44,20
87,2,control,6,84,N,0,M,porkka,8,8,41,44,20
33,2,control,7,84,N,0,WA,porkka,7,10,52,55,9
170,2,flup,7,84,N,0,WA,porkka,7,9,34,37,27
119,2,flup,8,84,N,6,BA,porkka,5,14,39,42,22
124,2,flup,6,84,N,2,M,porkka,10,7,39,42,22
131,2,control,8,84,N,1,BA,porkka,6,7,39,42,22
127,2,sivanto,7,84,Y,2,WA,porkka,7,14,39,42,22
143,2,sivanto,8,84,N,0,BA,porkka,7,7,39,42,22
42,4,sivanto,13,70,N,0,WA,porkka,14,23,67,69,10
39,4,control,13,70,N,0,WA,porkka,20,27,68,70,9
79,4,control,15,70,N,0,BG,porkka,10,17,58,60,19
84,4,sivanto,15,70,N,0,BG,porkka,7,17,58,60,19
134,4,flup,13,70,N,18,WA,porkka,15,7,55,57,22
163,4,sivanto,14,70,N,0,BA,porkka,10,9,50,52,27
176,4,sivanto,16,70,N,29,M,porkka,5,9,50,52,27
194,4,flup,14,70,N,0,BA,porkka,16,11,47,49,30
214,4,control,16,70,N,17,M,porkka,8,24,47,49,30
248,4,control,14,70,N,6,BA,bee_room,8,20,42,44,35
237,4,flup,15,70,N,3,BG,bee_room,9,20,42,44,35
229,4,flup,16,70,N,0,M,bee_room,8,20,42,44,35
75,5,control,20,70,N,0,BG,porkka,8,17,58,60,19
118,5,control,18,70,N,0,WA,porkka,13,7,55,57,22
135,5,sivanto,19,70,Y,2,BA,porkka,9,25,55,57,22
140,5,flup,18,70,N,2,WA,porkka,16,7,55,57,22
191,5,flup,17,70,Y,3,M,porkka,16,9,50,52,27
216,5,control,17,70,Y,1,M,porkka,23,6,47,49,30
250,5,sivanto,20,70,N,0,BG,bee_room,9,20,42,44,35
314,5,sivanto,17,70,N,0,M,bee_room,23,6,40,42,37
315,5,flup,20,70,Y,2,BG,bee_room,7,11,40,42,37
264,5,sivanto,18,70,N,0,WA,bee_room,15,12,41,43,36
277,5,control,19,70,N,0,BA,bee_room,11,18,40,42,37
300,5,flup,19,70,N,0,BA,bee_room,11,11,40,42,37
51,1,sivanto,1,91,N,0,M,porkka,20,18,33,52,10
7,1,sivanto,2,91,N,0,WA,porkka,19,11,42,61,1
34,1,control,1,91,N,0,M,porkka,28,10,38,53,9
17,1,flup,2,91,N,0,WA,porkka,15,11,49,61,1
117,1,flup,3,91,N,0,BA,porkka,14,7,28,40,22
8,1,control,2,91,N,0,WA,porkka,17,11,49,61,1
185,1,control,3,91,N,0,BA,porkka,8,9,27,35,27
57,1,flup,1,91,n/a,n/a,M,porkka,22,13,42,47,15
12,1,sivanto,3,91,N,0,BA,porkka,11,11,56,61,1
171,1,sivanto,4,91,N,0,BG,porkka,6,9,30,35,27
177,1,flup,4,91,N,0,BG,porkka,6,9,34,35,27
116,1,control,4,91,N,0,BG,porkka,7,7,39,40,22
198,3,flup,12,84,N,18,WA,porkka,6,11,39,40,30
83,3,sivanto,11,84,N,0,M,porkka,7,28,50,51,19
159,3,sivanto,10,84,N,0,BG,porkka,9,9,42,43,27
77,3,flup,11,84,N,0,M,porkka,6,24,50,51,19
105,3,control,9,84,N,0,BA,porkka,10,9,49,50,20
181,3,flup,9,84,N,0,BA,porkka,14,9,42,43,27
72,3,control,12,84,N,0,WA,porkka,5,17,50,51,19
197,3,sivanto,9,84,Y,2,BA,porkka,11,6,32,40,30
174,3,sivanto,12,84,N,0,WA,porkka,6,9,42,43,27
203,3,control,11,84,N,6,M,porkka,7,24,39,40,30
123,3,flup,10,84,N,0,BG,porkka,9,7,47,48,22
4,3,control,10,84,N,0,BG,porkka,10,11,68,69,1
96,2,control,5,91,N,0,BG,porkka,10,8,41,44,20
76,2,sivanto,5,91,N,0,BG,porkka,19,9,42,45,19
46,2,flup,5,91,N,0,BG,porkka,10,18,51,54,10
104,2,sivanto,6,91,N,0,M,porkka,8,9,41,44,20
87,2,control,6,91,N,0,M,porkka,8,8,41,44,20
33,2,control,7,91,N,0,WA,porkka,7,10,52,55,9
170,2,flup,7,91,N,0,WA,porkka,7,9,34,37,27
119,2,flup,8,91,N,0,BA,porkka,5,14,39,42,22
124,2,flup,6,91,N,0,M,porkka,10,7,39,42,22
131,2,control,8,91,N,0,BA,porkka,6,7,39,42,22
127,2,sivanto,7,91,N,0,WA,porkka,7,14,39,42,22
143,2,sivanto,8,91,N,0,BA,porkka,7,7,39,42,22
42,4,sivanto,13,77,N,0,WA,porkka,14,23,67,69,10
39,4,control,13,77,N,0,WA,porkka,20,27,68,70,9
79,4,control,15,77,N,0,BG,porkka,10,17,58,60,19
84,4,sivanto,15,77,N,0,BG,porkka,7,17,58,60,19
134,4,flup,13,77,N,8,WA,porkka,15,7,55,57,22
163,4,sivanto,14,77,N,0,BA,porkka,10,9,50,52,27
176,4,sivanto,16,77,N,20,M,porkka,5,9,50,52,27
194,4,flup,14,77,N,0,BA,porkka,16,11,47,49,30
214,4,control,16,77,N,15,M,porkka,8,24,47,49,30
248,4,control,14,77,N,0,BA,bee_room,8,20,42,44,35
237,4,flup,15,77,N,0,BG,bee_room,9,20,42,44,35
229,4,flup,16,77,N,0,M,bee_room,8,20,42,44,35
75,5,control,20,77,N,0,BG,porkka,8,17,58,60,19
118,5,control,18,77,N,0,WA,porkka,13,7,55,57,22
135,5,sivanto,19,77,N,0,BA,porkka,9,25,55,57,22
140,5,flup,18,77,N,0,WA,porkka,16,7,55,57,22
191,5,flup,17,77,N,0,M,porkka,16,9,50,52,27
216,5,control,17,77,N,0,M,porkka,23,6,47,49,30
250,5,sivanto,20,77,N,0,BG,bee_room,9,20,42,44,35
314,5,sivanto,17,77,N,0,M,bee_room,23,6,40,42,37
315,5,flup,20,77,N,0,BG,bee_room,7,11,40,42,37
264,5,sivanto,18,77,N,0,WA,bee_room,15,12,41,43,36
277,5,control,19,77,N,0,BA,bee_room,11,18,40,42,37
300,5,flup,19,77,N,0,BA,bee_room,11,11,40,42,37
51,1,sivanto,1,98,N,0,M,porkka,20,18,33,52,10
7,1,sivanto,2,98,N,0,WA,porkka,19,11,42,61,1
34,1,control,1,98,N,0,M,porkka,28,10,38,53,9
17,1,flup,2,98,N,0,WA,porkka,15,11,49,61,1
117,1,flup,3,98,N,0,BA,porkka,14,7,28,40,22
8,1,control,2,98,N,0,WA,porkka,17,11,49,61,1
185,1,control,3,98,N,0,BA,porkka,8,9,27,35,27
57,1,flup,1,98,n/a,n/a,M,porkka,22,13,42,47,15
12,1,sivanto,3,98,N,0,BA,porkka,11,11,56,61,1
171,1,sivanto,4,98,N,0,BG,porkka,6,9,30,35,27
177,1,flup,4,98,N,0,BG,porkka,6,9,34,35,27
116,1,control,4,98,N,0,BG,porkka,7,7,39,40,22
198,3,flup,12,91,N,5,WA,porkka,6,11,39,40,30
83,3,sivanto,11,91,N,0,M,porkka,7,28,50,51,19
159,3,sivanto,10,91,N,0,BG,porkka,9,9,42,43,27
77,3,flup,11,91,N,0,M,porkka,6,24,50,51,19
105,3,control,9,91,N,0,BA,porkka,10,9,49,50,20
181,3,flup,9,91,N,0,BA,porkka,14,9,42,43,27
72,3,control,12,91,N,0,WA,porkka,5,17,50,51,19
197,3,sivanto,9,91,N,0,BA,porkka,11,6,32,40,30
174,3,sivanto,12,91,N,0,WA,porkka,6,9,42,43,27
203,3,control,11,91,N,0,M,porkka,7,24,39,40,30
123,3,flup,10,91,N,0,BG,porkka,9,7,47,48,22
4,3,control,10,91,N,0,BG,porkka,10,11,68,69,1
96,2,control,5,98,N,0,BG,porkka,10,8,41,44,20
76,2,sivanto,5,98,N,0,BG,porkka,19,9,42,45,19
46,2,flup,5,98,N,0,BG,porkka,10,18,51,54,10
104,2,sivanto,6,98,N,0,M,porkka,8,9,41,44,20
87,2,control,6,98,N,0,M,porkka,8,8,41,44,20
33,2,control,7,98,N,0,WA,porkka,7,10,52,55,9
170,2,flup,7,98,N,0,WA,porkka,7,9,34,37,27
119,2,flup,8,98,N,0,BA,porkka,5,14,39,42,22
124,2,flup,6,98,N,0,M,porkka,10,7,39,42,22
131,2,control,8,98,N,0,BA,porkka,6,7,39,42,22
127,2,sivanto,7,98,N,0,WA,porkka,7,14,39,42,22
143,2,sivanto,8,98,N,0,BA,porkka,7,7,39,42,22
42,4,sivanto,13,84,N,0,WA,porkka,14,23,67,69,10
39,4,control,13,84,N,0,WA,porkka,20,27,68,70,9
79,4,control,15,84,N,0,BG,porkka,10,17,58,60,19
84,4,sivanto,15,84,N,0,BG,porkka,7,17,58,60,19
134,4,flup,13,84,N,0,WA,porkka,15,7,55,57,22
163,4,sivanto,14,84,N,0,BA,porkka,10,9,50,52,27
176,4,sivanto,16,84,N,6,M,porkka,5,9,50,52,27
194,4,flup,14,84,N,0,BA,porkka,16,11,47,49,30
214,4,control,16,84,N,9,M,porkka,8,24,47,49,30
248,4,control,14,84,N,0,BA,bee_room,8,20,42,44,35
237,4,flup,15,84,N,0,BG,bee_room,9,20,42,44,35
229,4,flup,16,84,N,0,M,bee_room,8,20,42,44,35
75,5,control,20,84,N,0,BG,porkka,8,17,58,60,19
118,5,control,18,84,N,0,WA,porkka,13,7,55,57,22
135,5,sivanto,19,84,N,0,BA,porkka,9,25,55,57,22
140,5,flup,18,84,N,0,WA,porkka,16,7,55,57,22
191,5,flup,17,84,N,0,M,porkka,16,9,50,52,27
216,5,control,17,84,N,0,M,porkka,23,6,47,49,30
250,5,sivanto,20,84,N,0,BG,bee_room,9,20,42,44,35
314,5,sivanto,17,84,N,0,M,bee_room,23,6,40,42,37
315,5,flup,20,84,N,0,BG,bee_room,7,11,40,42,37
264,5,sivanto,18,84,N,0,WA,bee_room,15,12,41,43,36
277,5,control,19,84,N,0,BA,bee_room,11,18,40,42,37
300,5,flup,19,84,N,0,BA,bee_room,11,11,40,42,37
51,1,sivanto,1,105,N,0,M,porkka,20,18,33,52,10
7,1,sivanto,2,105,N,0,WA,porkka,19,11,42,61,1
34,1,control,1,105,N,0,M,porkka,28,10,38,53,9
17,1,flup,2,105,N,0,WA,porkka,15,11,49,61,1
117,1,flup,3,105,N,0,BA,porkka,14,7,28,40,22
8,1,control,2,105,N,0,WA,porkka,17,11,49,61,1
185,1,control,3,105,N,0,BA,porkka,8,9,27,35,27
57,1,flup,1,105,N,0,M,porkka,22,13,42,47,15
12,1,sivanto,3,105,N,0,BA,porkka,11,11,56,61,1
171,1,sivanto,4,105,N,0,BG,porkka,6,9,30,35,27
177,1,flup,4,105,N,0,BG,porkka,6,9,34,35,27
116,1,control,4,105,N,0,BG,porkka,7,7,39,40,22
198,3,flup,12,98,N,0,WA,porkka,6,11,39,40,30
83,3,sivanto,11,98,N,0,M,porkka,7,28,50,51,19
159,3,sivanto,10,98,N,0,BG,porkka,9,9,42,43,27
77,3,flup,11,98,N,0,M,porkka,6,24,50,51,19
105,3,control,9,98,N,0,BA,porkka,10,9,49,50,20
181,3,flup,9,98,N,0,BA,porkka,14,9,42,43,27
72,3,control,12,98,N,0,WA,porkka,5,17,50,51,19
197,3,sivanto,9,98,N,0,BA,porkka,11,6,32,40,30
174,3,sivanto,12,98,N,0,WA,porkka,6,9,42,43,27
203,3,control,11,98,N,0,M,porkka,7,24,39,40,30
123,3,flup,10,98,N,0,BG,porkka,9,7,47,48,22
4,3,control,10,98,N,0,BG,porkka,10,11,68,69,1
96,2,control,5,105,N,0,BG,porkka,10,8,41,44,20
76,2,sivanto,5,105,N,0,BG,porkka,19,9,42,45,19
46,2,flup,5,105,N,0,BG,porkka,10,18,51,54,10
104,2,sivanto,6,105,N,0,M,porkka,8,9,41,44,20
87,2,control,6,105,N,0,M,porkka,8,8,41,44,20
33,2,control,7,105,N,0,WA,porkka,7,10,52,55,9
170,2,flup,7,105,N,0,WA,porkka,7,9,34,37,27
119,2,flup,8,105,N,0,BA,porkka,5,14,39,42,22
124,2,flup,6,105,N,0,M,porkka,10,7,39,42,22
131,2,control,8,105,N,0,BA,porkka,6,7,39,42,22
127,2,sivanto,7,105,N,0,WA,porkka,7,14,39,42,22
143,2,sivanto,8,105,N,0,BA,porkka,7,7,39,42,22
42,4,sivanto,13,91,N,0,WA,porkka,14,23,67,69,10
39,4,control,13,91,N,0,WA,porkka,20,27,68,70,9
79,4,control,15,91,N,0,BG,porkka,10,17,58,60,19
84,4,sivanto,15,91,N,0,BG,porkka,7,17,58,60,19
134,4,flup,13,91,N,0,WA,porkka,15,7,55,57,22
163,4,sivanto,14,91,N,0,BA,porkka,10,9,50,52,27
176,4,sivanto,16,91,N,0,M,porkka,5,9,50,52,27
194,4,flup,14,91,N,0,BA,porkka,16,11,47,49,30
214,4,control,16,91,N,0,M,porkka,8,24,47,49,30
248,4,control,14,91,N,0,BA,bee_room,8,20,42,44,35
237,4,flup,15,91,N,0,BG,bee_room,9,20,42,44,35
229,4,flup,16,91,N,0,M,bee_room,8,20,42,44,35
